[
  {
    "name": "Win(Full) ver022q.zip",
    "url": "https://aicupdate.oss-cn-guangzhou.aliyuncs.com/aic_zip_files/Win%28Full%29%20ver022q.zip",
    "source": "纳百技镜像（较快）"
  },
  {
    "name": "Win(Full) ver022q.zip",
    "url": "https://rua.shiro.dev/f/rKfl/Win%28Full%29%20ver022q.zip",
    "source": "镜像站 MS-SP（较快）"
  },
  {
    "name": "Win(Full) ver022q.zip",
    "url": "https://mua.shiro.dev/CN02/Public/AliceInCradle/Download/Win(Full)%20ver022q.zip",
    "source": "镜像站 ALI-HB（慢）"
  },
  {
    "name": "Win(Full) ver022q.zip",
    "url": "https://mua.shiro.dev/CN01/Public/AliceInCradle_Latest/Win(Full)%20ver022q.zip",
    "source": "镜像站 ALI-BJ（较慢）"
  },
  {
    "name": "Win(Full) ver022q.zip",
    "url": "https://r2.devnet.work/aicorg/latest_game_file/Win(Full)%20ver022q.zip",
    "source": "镜像站 CF-R2（较快）"
  },
  {
    "name": "Win ver022k 雏佬改.zip",
    "url": "https://aicupdate.oss-cn-guangzhou.aliyuncs.com/aic_zip_files/Win%20ver022k%20%E9%9B%8F%E4%BD%AC%E6%94%B9.zip",
    "source": "纳百技镜像（较快）"
  }
]